{"IcoMoonType":"selection","icons":[{"icon":{"paths":["M950.857 73.143l-877.714 877.714M950.857 73.143h-472.615M950.857 73.143v472.615"],"attrs":[{"fill":"none","strokeLinejoin":"round","strokeLinecap":"round","strokeMiterlimit":"10","strokeWidth":87.77142857142856}],"isMulticolor":false,"isMulticolor2":false,"grid":0,"tags":["arrow-external-link"]},"attrs":[{"fill":"none","strokeLinejoin":"round","strokeLinecap":"round","strokeMiterlimit":"10","strokeWidth":87.77142857142856}],"properties":{"order":9,"id":0,"name":"arrow-external-link","prevSize":32,"code":59653},"setIdx":0,"setId":5,"iconIdx":0},{"icon":{"paths":["M180.706 0l-173.884 301.176h347.77l-173.885-301.176zM210.824 1024v-752.941h-60.235v752.941h60.235z"],"attrs":[{}],"width":361,"isMulticolor":false,"isMulticolor2":false,"grid":0,"tags":["arrow-up"]},"attrs":[{}],"properties":{"order":8,"id":0,"name":"arrow-up","prevSize":32,"code":59652},"setIdx":1,"setId":4,"iconIdx":0},{"icon":{"paths":["M512 0c0 282.746-229.173 512-512 512 282.827 0 512 229.118 512 512 0-282.746 229.173-512 512-512-282.689 0-512-229.254-512-512zM789.515 512c122.417 56.222-56.376-122.406 0 0-56.376 122.268 122.417-56.358 0 0-122.281 56.222 56.373-122.406 0 0z"],"attrs":[{}],"isMulticolor":false,"isMulticolor2":false,"grid":0,"tags":["star-gothic"]},"attrs":[{}],"properties":{"order":7,"id":0,"name":"star-gothic","prevSize":32,"code":59651},"setIdx":2,"setId":3,"iconIdx":0},{"icon":{"paths":["M495.744 147.486l25.317 332.723 332.72 25.317-332.72 25.318-25.317 332.724-25.318-332.724-332.722-25.318 332.722-25.317 25.318-332.723z"],"attrs":[{}],"isMulticolor":false,"isMulticolor2":false,"grid":0,"tags":["thin-star-a"]},"attrs":[{}],"properties":{"order":4,"id":2,"name":"thin-star-a","prevSize":32,"code":59649},"setIdx":3,"setId":2,"iconIdx":0},{"icon":{"paths":["M18.65 18.668l486.87 418.016 486.869-418.016-418.015 486.869 418.015 486.867-486.869-418.012-486.87 418.012 418.016-486.867-418.016-486.869z"],"attrs":[{}],"isMulticolor":false,"isMulticolor2":false,"grid":0,"tags":["thin-star-b"]},"attrs":[{}],"properties":{"order":5,"id":1,"name":"thin-star-b","prevSize":32,"code":59650},"setIdx":3,"setId":2,"iconIdx":1},{"icon":{"paths":["M18.65 19.124l486.87 418.016 486.869-418.016-418.015 486.87 418.015 486.871-486.869-418.018-486.87 418.018 418.016-486.871-418.016-486.87z","M495.744 147.943l25.317 332.722 332.72 25.318-332.72 25.317-25.317 332.722-25.318-332.722-332.722-25.317 332.722-25.318 25.318-332.722z"],"attrs":[{},{}],"isMulticolor":false,"isMulticolor2":false,"grid":0,"tags":["thin-star"]},"attrs":[{},{}],"properties":{"order":3,"id":0,"name":"thin-star","prevSize":32,"code":59648},"setIdx":3,"setId":2,"iconIdx":2}],"height":1024,"metadata":{"name":"icomoon"},"preferences":{"showGlyphs":true,"showQuickUse":true,"showQuickUse2":true,"showSVGs":true,"fontPref":{"prefix":"icon-","metadata":{"fontFamily":"icomoon"},"metrics":{"emSize":1024,"baseline":6.25,"whitespace":50},"embed":false},"imagePref":{"prefix":"icon-","png":true,"useClassSelector":true,"color":0,"bgColor":16777215,"classSelector":".icon"},"historySize":50,"showCodes":true,"gridSize":16}}